019125,127.0.0.1,GET,http://mydrupal.local/node,1709712131,019125,200,request
a688c0,127.0.0.1,GET,http://mydrupal.local/node,1709712131,019125,200,request
fca42c,127.0.0.1,GET,http://mydrupal.local/node,1709712131,019125,200,request
971206,127.0.0.1,GET,http://mydrupal.local/node,1709712131,019125,200,request
302671,127.0.0.1,GET,http://mydrupal.local/node,1709712131,019125,200,request
2991be,127.0.0.1,GET,http://mydrupal.local/node,1709712131,019125,200,request
91affb,127.0.0.1,GET,http://mydrupal.local/basic-form,1709712139,91affb,200,request
075c43,127.0.0.1,GET,http://mydrupal.local/basic-form,1709712139,91affb,200,request
2c94d1,127.0.0.1,GET,http://mydrupal.local/basic-form,1709712139,91affb,200,request
32025d,127.0.0.1,GET,http://mydrupal.local/basic-form,1709712139,91affb,200,request
fe6eb0,127.0.0.1,GET,http://mydrupal.local/basic-form,1709712139,91affb,200,request
09ae59,127.0.0.1,GET,http://mydrupal.local/basic-form,1709712139,91affb,200,request
302894,127.0.0.1,GET,http://mydrupal.local/basic-form,1709712139,91affb,200,request
73682b,127.0.0.1,GET,http://mydrupal.local/basic-form,1709712139,91affb,200,request
018330,127.0.0.1,POST,http://mydrupal.local/basic-form,1709712181,018330,200,request
b6da77,127.0.0.1,POST,http://mydrupal.local/basic-form,1709712186,b6da77,200,request
ee32cd,127.0.0.1,POST,http://mydrupal.local/basic-form,1709712190,ee32cd,303,request
074f6d,127.0.0.1,GET,http://mydrupal.local/basic-form,1709712190,074f6d,200,request
aa14c4,127.0.0.1,GET,http://mydrupal.local/basic-form,1709712190,074f6d,200,request
4f0521,127.0.0.1,GET,http://mydrupal.local/basic-form,1709712190,074f6d,200,request
0b4cbe,127.0.0.1,GET,http://mydrupal.local/basic-form,1709712190,074f6d,200,request
a35c75,127.0.0.1,GET,http://mydrupal.local/basic-form,1709712190,074f6d,200,request
7e2dca,127.0.0.1,GET,http://mydrupal.local/basic-form,1709712190,074f6d,200,request
aec921,127.0.0.1,GET,http://mydrupal.local/basic-form,1709712190,074f6d,200,request
f13d3c,127.0.0.1,GET,http://mydrupal.local/basic-form,1709712190,074f6d,200,request
f138c5,127.0.0.1,GET,http://mydrupal.local/basic-form,1709712203,f138c5,200,request
7eddae,127.0.0.1,GET,http://mydrupal.local/basic-form,1709712203,f138c5,200,request
fbccaf,127.0.0.1,GET,http://mydrupal.local/basic-form,1709712203,f138c5,200,request
c8be6e,127.0.0.1,GET,http://mydrupal.local/basic-form,1709712203,f138c5,200,request
a59593,127.0.0.1,GET,http://mydrupal.local/basic-form,1709712203,f138c5,200,request
842ccb,127.0.0.1,GET,http://mydrupal.local/basic-form,1709712204,f138c5,200,request
1b5a32,127.0.0.1,GET,http://mydrupal.local/basic-form,1709712204,f138c5,200,request
923450,127.0.0.1,GET,http://mydrupal.local/basic-form,1709712204,f138c5,200,request
6edba1,127.0.0.1,GET,http://mydrupal.local/basic-form,1709712277,6edba1,200,request
3440df,127.0.0.1,GET,http://mydrupal.local/basic-form,1709712277,6edba1,200,request
b1a461,127.0.0.1,GET,http://mydrupal.local/basic-form,1709712278,6edba1,200,request
e700f5,127.0.0.1,GET,http://mydrupal.local/basic-form,1709712278,6edba1,200,request
2d81cd,127.0.0.1,GET,http://mydrupal.local/basic-form,1709712278,6edba1,200,request
2a2232,127.0.0.1,GET,http://mydrupal.local/basic-form,1709712278,6edba1,200,request
9d00c2,127.0.0.1,GET,http://mydrupal.local/basic-form,1709712278,6edba1,200,request
128191,127.0.0.1,GET,http://mydrupal.local/basic-form,1709712278,6edba1,200,request
7d624a,127.0.0.1,GET,http://mydrupal.local/basic-form,1709712278,7d624a,200,request
bf14a9,127.0.0.1,GET,http://mydrupal.local/basic-form,1709712278,7d624a,200,request
507b96,127.0.0.1,GET,http://mydrupal.local/basic-form,1709712278,7d624a,200,request
9a7191,127.0.0.1,GET,http://mydrupal.local/basic-form,1709712278,7d624a,200,request
b911d0,127.0.0.1,GET,http://mydrupal.local/basic-form,1709712278,7d624a,200,request
5817a5,127.0.0.1,GET,http://mydrupal.local/basic-form,1709712278,7d624a,200,request
6ececf,127.0.0.1,GET,http://mydrupal.local/basic-form,1709712278,7d624a,200,request
2de972,127.0.0.1,GET,http://mydrupal.local/basic-form,1709712278,7d624a,200,request
0c6593,127.0.0.1,GET,http://mydrupal.local/admin/reports,1709712280,0c6593,200,request
de6945,127.0.0.1,GET,http://mydrupal.local/admin/reports,1709712280,0c6593,200,request
393c3a,127.0.0.1,GET,http://mydrupal.local/admin/reports,1709712280,0c6593,200,request
f9295c,127.0.0.1,GET,http://mydrupal.local/admin/reports,1709712280,0c6593,200,request
72c328,127.0.0.1,GET,http://mydrupal.local/admin/reports,1709712280,0c6593,200,request
4d0087,127.0.0.1,GET,http://mydrupal.local/admin/reports,1709712280,0c6593,200,request
cc7b75,127.0.0.1,GET,http://mydrupal.local/admin/reports,1709712280,0c6593,200,request
c30160,127.0.0.1,GET,http://mydrupal.local/admin/reports,1709712280,0c6593,200,request
d335aa,127.0.0.1,GET,http://mydrupal.local/admin/reports/status,1709712282,d335aa,200,request
36f906,127.0.0.1,GET,http://mydrupal.local/admin/reports/status,1709712282,d335aa,200,request
dc1ae2,127.0.0.1,GET,http://mydrupal.local/admin/reports/status,1709712282,d335aa,200,request
58484f,127.0.0.1,GET,http://mydrupal.local/admin/reports/status,1709712282,d335aa,200,request
944ef3,127.0.0.1,GET,http://mydrupal.local/admin/reports/status,1709712282,d335aa,200,request
7d6351,127.0.0.1,GET,http://mydrupal.local/admin/reports/status,1709712282,d335aa,200,request
405d52,127.0.0.1,GET,http://mydrupal.local/admin/reports/status,1709712282,d335aa,200,request
fb72f0,127.0.0.1,GET,http://mydrupal.local/admin/reports/status,1709712282,d335aa,200,request
731900,127.0.0.1,GET,http://mydrupal.local/admin/reports/status,1709712282,d335aa,200,request
8ece4d,127.0.0.1,GET,http://mydrupal.local/admin/reports/status,1709712298,8ece4d,200,request
56f3ad,127.0.0.1,GET,http://mydrupal.local/admin/reports/status,1709712298,8ece4d,200,request
c9fcbf,127.0.0.1,GET,http://mydrupal.local/admin/reports/status,1709712298,8ece4d,200,request
024ec1,127.0.0.1,GET,http://mydrupal.local/admin/reports/status,1709712298,8ece4d,200,request
1fd58b,127.0.0.1,GET,http://mydrupal.local/admin/reports/status,1709712298,8ece4d,200,request
0834ce,127.0.0.1,GET,http://mydrupal.local/admin/reports/status,1709712298,8ece4d,200,request
24db55,127.0.0.1,GET,http://mydrupal.local/admin/reports/status,1709712298,8ece4d,200,request
5c0bcf,127.0.0.1,GET,http://mydrupal.local/admin/reports/status,1709712298,8ece4d,200,request
ac15e8,127.0.0.1,GET,http://mydrupal.local/admin/reports/status,1709712298,8ece4d,200,request
432872,127.0.0.1,GET,http://mydrupal.local/admin/reports/status,1709712300,432872,200,request
8e8f62,127.0.0.1,GET,http://mydrupal.local/admin/reports/status,1709712300,432872,200,request
b22f31,127.0.0.1,GET,http://mydrupal.local/admin/reports/status,1709712300,432872,200,request
98fbf5,127.0.0.1,GET,http://mydrupal.local/admin/reports/status,1709712300,432872,200,request
81f781,127.0.0.1,GET,http://mydrupal.local/admin/reports/status,1709712300,432872,200,request
2f98bf,127.0.0.1,GET,http://mydrupal.local/admin/reports/status,1709712300,432872,200,request
8eb874,127.0.0.1,GET,http://mydrupal.local/admin/reports/status,1709712300,432872,200,request
d0bdcc,127.0.0.1,GET,http://mydrupal.local/admin/reports/status,1709712300,432872,200,request
1bc87b,127.0.0.1,GET,http://mydrupal.local/admin/reports/status,1709712300,432872,200,request
222a67,127.0.0.1,GET,http://mydrupal.local/,1709712304,222a67,200,request
90a57f,127.0.0.1,GET,http://mydrupal.local/,1709712304,222a67,200,request
6dbbac,127.0.0.1,GET,http://mydrupal.local/,1709712304,222a67,200,request
444f8e,127.0.0.1,GET,http://mydrupal.local/,1709712304,222a67,200,request
304669,127.0.0.1,GET,http://mydrupal.local/,1709712304,222a67,200,request
068b4e,127.0.0.1,GET,http://mydrupal.local/,1709712304,222a67,200,request
f05361,127.0.0.1,GET,http://mydrupal.local/,1709712543,f05361,200,request
04899c,127.0.0.1,GET,http://mydrupal.local/,1709712543,f05361,200,request
a1343a,127.0.0.1,GET,http://mydrupal.local/,1709712543,f05361,200,request
717d84,127.0.0.1,GET,http://mydrupal.local/,1709712543,f05361,200,request
fa6915,127.0.0.1,GET,http://mydrupal.local/,1709712543,f05361,200,request
420d90,127.0.0.1,GET,http://mydrupal.local/,1709712543,f05361,200,request
1bcb85,127.0.0.1,GET,http://mydrupal.local/admin/reports,1709712545,1bcb85,200,request
afc030,127.0.0.1,GET,http://mydrupal.local/admin/reports,1709712545,1bcb85,200,request
411749,127.0.0.1,GET,http://mydrupal.local/admin/reports,1709712545,1bcb85,200,request
c48599,127.0.0.1,GET,http://mydrupal.local/admin/reports,1709712545,1bcb85,200,request
442be6,127.0.0.1,GET,http://mydrupal.local/admin/reports,1709712545,1bcb85,200,request
9296e7,127.0.0.1,GET,http://mydrupal.local/admin/reports,1709712545,1bcb85,200,request
ab0ce8,127.0.0.1,GET,http://mydrupal.local/admin/reports,1709712545,1bcb85,200,request
0fa466,127.0.0.1,GET,http://mydrupal.local/admin/reports,1709712545,1bcb85,200,request
f7135c,127.0.0.1,GET,http://mydrupal.local/admin/reports/status,1709712547,f7135c,200,request
eadbec,127.0.0.1,GET,http://mydrupal.local/admin/reports/status,1709712547,f7135c,200,request
6cbb6e,127.0.0.1,GET,http://mydrupal.local/admin/reports/status,1709712547,f7135c,200,request
8b9dea,127.0.0.1,GET,http://mydrupal.local/admin/reports/status,1709712547,f7135c,200,request
79c6c6,127.0.0.1,GET,http://mydrupal.local/admin/reports/status,1709712547,f7135c,200,request
06412b,127.0.0.1,GET,http://mydrupal.local/admin/reports/status,1709712547,f7135c,200,request
8a9011,127.0.0.1,GET,http://mydrupal.local/admin/reports/status,1709712547,f7135c,200,request
00f62e,127.0.0.1,GET,http://mydrupal.local/admin/reports/status,1709712547,f7135c,200,request
ba332e,127.0.0.1,GET,http://mydrupal.local/admin/reports/status,1709712547,f7135c,200,request
192099,127.0.0.1,GET,http://mydrupal.local/admin/reports/status,1709712560,192099,200,request
662a9b,127.0.0.1,GET,http://mydrupal.local/admin/reports/status,1709712560,192099,200,request
c03ebd,127.0.0.1,GET,http://mydrupal.local/admin/reports/status,1709712560,192099,200,request
f11f79,127.0.0.1,GET,http://mydrupal.local/admin/reports/status,1709712560,192099,200,request
d7a2d9,127.0.0.1,GET,http://mydrupal.local/admin/reports/status,1709712560,192099,200,request
581797,127.0.0.1,GET,http://mydrupal.local/admin/reports/status,1709712561,192099,200,request
3640a2,127.0.0.1,GET,http://mydrupal.local/admin/reports/status,1709712561,192099,200,request
041f08,127.0.0.1,GET,http://mydrupal.local/admin/reports/status,1709712561,192099,200,request
ebdd1c,127.0.0.1,GET,http://mydrupal.local/admin/reports/status,1709712561,192099,200,request
eba5be,127.0.0.1,GET,http://mydrupal.local/admin/reports/status,1709712593,eba5be,200,request
ecdd26,127.0.0.1,GET,http://mydrupal.local/admin/reports/status,1709712593,eba5be,200,request
adf649,127.0.0.1,GET,http://mydrupal.local/admin/reports/status,1709712593,eba5be,200,request
6810f1,127.0.0.1,GET,http://mydrupal.local/admin/reports/status,1709712593,eba5be,200,request
11a606,127.0.0.1,GET,http://mydrupal.local/admin/reports/status,1709712593,eba5be,200,request
42f42c,127.0.0.1,GET,http://mydrupal.local/admin/reports/status,1709712593,eba5be,200,request
bcc046,127.0.0.1,GET,http://mydrupal.local/admin/reports/status,1709712593,eba5be,200,request
d63698,127.0.0.1,GET,http://mydrupal.local/admin/reports/status,1709712593,eba5be,200,request
bc4057,127.0.0.1,GET,http://mydrupal.local/admin/reports/status,1709712593,eba5be,200,request
0bef04,127.0.0.1,GET,http://mydrupal.local/admin/reports/status,1709712610,0bef04,200,request
f5e307,127.0.0.1,GET,http://mydrupal.local/admin/reports/status,1709712610,0bef04,200,request
16e866,127.0.0.1,GET,http://mydrupal.local/admin/reports/status,1709712610,0bef04,200,request
e6ffb9,127.0.0.1,GET,http://mydrupal.local/admin/reports/status,1709712610,0bef04,200,request
63901e,127.0.0.1,GET,http://mydrupal.local/admin/reports/status,1709712610,0bef04,200,request
830bc6,127.0.0.1,GET,http://mydrupal.local/admin/reports/status,1709712610,0bef04,200,request
2dde34,127.0.0.1,GET,http://mydrupal.local/admin/reports/status,1709712610,0bef04,200,request
675733,127.0.0.1,GET,http://mydrupal.local/admin/reports/status,1709712610,0bef04,200,request
79eb97,127.0.0.1,GET,http://mydrupal.local/admin/reports/status,1709712610,0bef04,200,request
c45f69,127.0.0.1,GET,http://mydrupal.local/admin/config,1709712617,c45f69,200,request
3ae955,127.0.0.1,GET,http://mydrupal.local/admin/config,1709712617,c45f69,200,request
af07be,127.0.0.1,GET,http://mydrupal.local/admin/config,1709712617,c45f69,200,request
30aca0,127.0.0.1,GET,http://mydrupal.local/admin/config,1709712617,c45f69,200,request
fa7d29,127.0.0.1,GET,http://mydrupal.local/admin/config,1709712617,c45f69,200,request
047224,127.0.0.1,GET,http://mydrupal.local/admin/config,1709712617,c45f69,200,request
74ed92,127.0.0.1,GET,http://mydrupal.local/admin/config,1709712617,c45f69,200,request
36001b,127.0.0.1,GET,http://mydrupal.local/admin/config,1709712617,c45f69,200,request
92fd01,127.0.0.1,GET,http://mydrupal.local/admin/config/development/maintenance,1709712625,92fd01,200,request
e28174,127.0.0.1,GET,http://mydrupal.local/admin/config/development/maintenance,1709712625,92fd01,200,request
f70a96,127.0.0.1,GET,http://mydrupal.local/admin/config/development/maintenance,1709712625,92fd01,200,request
1c5bc8,127.0.0.1,GET,http://mydrupal.local/admin/config/development/maintenance,1709712625,92fd01,200,request
866ffe,127.0.0.1,GET,http://mydrupal.local/admin/config/development/maintenance,1709712625,92fd01,200,request
90ebb4,127.0.0.1,GET,http://mydrupal.local/admin/config/development/maintenance,1709712625,92fd01,200,request
e37329,127.0.0.1,GET,http://mydrupal.local/admin/config/development/maintenance,1709712625,92fd01,200,request
4fbbdb,127.0.0.1,GET,http://mydrupal.local/admin/config/development/maintenance,1709712625,92fd01,200,request
10e8f2,127.0.0.1,GET,http://mydrupal.local/admin/config/development/maintenance,1709712625,92fd01,200,request
106fc4,127.0.0.1,GET,http://mydrupal.local/admin/config/development/maintenance,1709712625,92fd01,200,request
78aa7b,127.0.0.1,GET,http://mydrupal.local/admin/config,1709712638,78aa7b,200,request
fa133d,127.0.0.1,GET,http://mydrupal.local/admin/config,1709712638,78aa7b,200,request
1108a1,127.0.0.1,GET,http://mydrupal.local/admin/config,1709712638,78aa7b,200,request
39dc2b,127.0.0.1,GET,http://mydrupal.local/admin/config,1709712638,78aa7b,200,request
abc4eb,127.0.0.1,GET,http://mydrupal.local/admin/config,1709712638,78aa7b,200,request
f833b1,127.0.0.1,GET,http://mydrupal.local/admin/config,1709712638,78aa7b,200,request
a9b18f,127.0.0.1,GET,http://mydrupal.local/admin/config,1709712638,78aa7b,200,request
d80435,127.0.0.1,GET,http://mydrupal.local/admin/config,1709712638,78aa7b,200,request
2837f2,127.0.0.1,GET,http://mydrupal.local/admin/config/people/accounts,1709712651,2837f2,200,request
e06f1a,127.0.0.1,GET,http://mydrupal.local/admin/config/people/accounts,1709712651,2837f2,200,request
2a971a,127.0.0.1,GET,http://mydrupal.local/admin/config/people/accounts,1709712651,2837f2,200,request
ec76f2,127.0.0.1,GET,http://mydrupal.local/admin/config/people/accounts,1709712651,2837f2,200,request
9df325,127.0.0.1,GET,http://mydrupal.local/admin/config/people/accounts,1709712651,2837f2,200,request
a48683,127.0.0.1,GET,http://mydrupal.local/admin/config/people/accounts,1709712651,2837f2,200,request
04e4de,127.0.0.1,GET,http://mydrupal.local/admin/config/people/accounts,1709712651,2837f2,200,request
9c7eeb,127.0.0.1,GET,http://mydrupal.local/admin/config/people/accounts,1709712651,2837f2,200,request
bbd652,127.0.0.1,GET,http://mydrupal.local/admin/config/people/accounts,1709712651,2837f2,200,request
38fdd7,127.0.0.1,GET,http://mydrupal.local/admin/config/people/accounts,1709712651,2837f2,200,request
15cf86,127.0.0.1,GET,http://mydrupal.local/admin/config/people/accounts,1709712651,2837f2,200,request
612adf,127.0.0.1,GET,http://mydrupal.local/,1709712658,612adf,200,request
2ea887,127.0.0.1,GET,http://mydrupal.local/,1709712658,612adf,200,request
e4a0cc,127.0.0.1,GET,http://mydrupal.local/,1709712658,612adf,200,request
8658a1,127.0.0.1,GET,http://mydrupal.local/,1709712658,612adf,200,request
3e0811,127.0.0.1,GET,http://mydrupal.local/,1709712658,612adf,200,request
52a995,127.0.0.1,GET,http://mydrupal.local/,1709712658,612adf,200,request
6efdf2,127.0.0.1,GET,http://mydrupal.local/,1709712660,6efdf2,200,request
676175,127.0.0.1,GET,http://mydrupal.local/,1709712660,6efdf2,200,request
478bbc,127.0.0.1,GET,http://mydrupal.local/,1709712660,6efdf2,200,request
501823,127.0.0.1,GET,http://mydrupal.local/,1709712660,6efdf2,200,request
b55b99,127.0.0.1,GET,http://mydrupal.local/,1709712660,6efdf2,200,request
df4e61,127.0.0.1,GET,http://mydrupal.local/,1709712660,6efdf2,200,request
4e83e1,127.0.0.1,GET,http://mydrupal.local/,1709712671,4e83e1,200,request
4fc4d9,127.0.0.1,GET,http://mydrupal.local/,1709712671,4e83e1,200,request
f091ff,127.0.0.1,GET,http://mydrupal.local/,1709712671,4e83e1,200,request
bd7aab,127.0.0.1,GET,http://mydrupal.local/,1709712671,4e83e1,200,request
953f28,127.0.0.1,GET,http://mydrupal.local/,1709712671,4e83e1,200,request
8fdd64,127.0.0.1,GET,http://mydrupal.local/,1709712671,4e83e1,200,request
d5061a,127.0.0.1,GET,http://mydrupal.local/admin/reports,1709712675,d5061a,200,request
5a2922,127.0.0.1,GET,http://mydrupal.local/admin/reports,1709712675,d5061a,200,request
a63569,127.0.0.1,GET,http://mydrupal.local/admin/reports,1709712675,d5061a,200,request
85dd2f,127.0.0.1,GET,http://mydrupal.local/admin/reports,1709712675,d5061a,200,request
c92414,127.0.0.1,GET,http://mydrupal.local/admin/reports,1709712675,d5061a,200,request
d58aa9,127.0.0.1,GET,http://mydrupal.local/admin/reports,1709712675,d5061a,200,request
bc2443,127.0.0.1,GET,http://mydrupal.local/admin/reports,1709712675,d5061a,200,request
f53379,127.0.0.1,GET,http://mydrupal.local/admin/reports,1709712675,d5061a,200,request
d36482,127.0.0.1,GET,http://mydrupal.local/admin/reports/status,1709712678,d36482,200,request
b434cb,127.0.0.1,GET,http://mydrupal.local/admin/reports/status,1709712678,d36482,200,request
abf4fa,127.0.0.1,GET,http://mydrupal.local/admin/reports/status,1709712678,d36482,200,request
ba1ed3,127.0.0.1,GET,http://mydrupal.local/admin/reports/status,1709712678,d36482,200,request
484362,127.0.0.1,GET,http://mydrupal.local/admin/reports/status,1709712678,d36482,200,request
665ab4,127.0.0.1,GET,http://mydrupal.local/admin/reports/status,1709712678,d36482,200,request
4f3b04,127.0.0.1,GET,http://mydrupal.local/admin/reports/status,1709712678,d36482,200,request
721d3d,127.0.0.1,GET,http://mydrupal.local/admin/reports/status,1709712678,d36482,200,request
f36268,127.0.0.1,GET,http://mydrupal.local/admin/reports/status,1709712678,d36482,200,request
8360a4,127.0.0.1,GET,http://mydrupal.local/admin/config,1709712684,8360a4,200,request
326667,127.0.0.1,GET,http://mydrupal.local/admin/config,1709712684,8360a4,200,request
9a0966,127.0.0.1,GET,http://mydrupal.local/admin/config,1709712684,8360a4,200,request
0ff8d6,127.0.0.1,GET,http://mydrupal.local/admin/config,1709712684,8360a4,200,request
404814,127.0.0.1,GET,http://mydrupal.local/admin/config,1709712684,8360a4,200,request
616686,127.0.0.1,GET,http://mydrupal.local/admin/config,1709712684,8360a4,200,request
4c715f,127.0.0.1,GET,http://mydrupal.local/admin/config,1709712684,8360a4,200,request
8c0e75,127.0.0.1,GET,http://mydrupal.local/admin/config,1709712684,8360a4,200,request
fb49b9,127.0.0.1,GET,http://mydrupal.local/admin/reports,1709712689,fb49b9,200,request
b1595f,127.0.0.1,GET,http://mydrupal.local/admin/reports,1709712689,fb49b9,200,request
ed3926,127.0.0.1,GET,http://mydrupal.local/admin/reports,1709712689,fb49b9,200,request
14ce43,127.0.0.1,GET,http://mydrupal.local/admin/reports,1709712689,fb49b9,200,request
5441a7,127.0.0.1,GET,http://mydrupal.local/admin/reports,1709712689,fb49b9,200,request
e536a7,127.0.0.1,GET,http://mydrupal.local/admin/reports,1709712689,fb49b9,200,request
382476,127.0.0.1,GET,http://mydrupal.local/admin/reports,1709712689,fb49b9,200,request
56bd7b,127.0.0.1,GET,http://mydrupal.local/admin/reports,1709712689,fb49b9,200,request
a2146c,127.0.0.1,GET,http://mydrupal.local/admin/reports/updates,1709712692,a2146c,200,request
d319d9,127.0.0.1,GET,http://mydrupal.local/admin/reports/updates,1709712692,a2146c,200,request
82668b,127.0.0.1,GET,http://mydrupal.local/admin/reports/updates,1709712692,a2146c,200,request
441c16,127.0.0.1,GET,http://mydrupal.local/admin/reports/updates,1709712692,a2146c,200,request
1d83a1,127.0.0.1,GET,http://mydrupal.local/admin/reports/updates,1709712692,a2146c,200,request
42bed2,127.0.0.1,GET,http://mydrupal.local/admin/reports/updates,1709712692,a2146c,200,request
02d3db,127.0.0.1,GET,http://mydrupal.local/admin/reports/updates,1709712692,a2146c,200,request
dcd144,127.0.0.1,GET,http://mydrupal.local/admin/reports/updates,1709712692,a2146c,200,request
924707,127.0.0.1,GET,http://mydrupal.local/admin/reports/updates,1709712692,a2146c,200,request
c442fd,127.0.0.1,GET,http://mydrupal.local/admin/reports/updates,1709712692,a2146c,200,request
671f23,127.0.0.1,GET,http://mydrupal.local/admin/reports/updates,1709712692,a2146c,200,request
a5d955,127.0.0.1,GET,http://mydrupal.local/admin/reports/updates,1709712692,a2146c,200,request
f75eee,127.0.0.1,GET,http://mydrupal.local/admin/reports/updates/check?destination=%2Fadmin%2Freports%2Fupdates&token=qUtzA3RKvRNnut1fLaLdtBFje_JWq75GuMF776rIrrs,1709712698,f75eee,302,request
4c19a8,127.0.0.1,GET,http://mydrupal.local/batch?id=28&op=start,1709712698,4c19a8,200,request
972e36,127.0.0.1,POST,http://mydrupal.local/batch?_format=json&id=28&op=do,1709712700,972e36,200,request
432b40,127.0.0.1,POST,http://mydrupal.local/batch?_format=json&id=28&op=do,1709712700,432b40,200,request
31cf11,127.0.0.1,GET,http://mydrupal.local/batch?id=28&op=finished,1709712700,31cf11,303,request
6678ba,127.0.0.1,GET,http://mydrupal.local/admin/reports/updates,1709712701,6678ba,200,request
6c44bb,127.0.0.1,GET,http://mydrupal.local/admin/reports/updates,1709712701,6678ba,200,request
19bd6e,127.0.0.1,GET,http://mydrupal.local/admin/reports/updates,1709712701,6678ba,200,request
8a63d1,127.0.0.1,GET,http://mydrupal.local/admin/reports/updates,1709712701,6678ba,200,request
914678,127.0.0.1,GET,http://mydrupal.local/admin/reports/updates,1709712701,6678ba,200,request
970bc1,127.0.0.1,GET,http://mydrupal.local/admin/reports/updates,1709712701,6678ba,200,request
0ab95a,127.0.0.1,GET,http://mydrupal.local/admin/reports/updates,1709712701,6678ba,200,request
0eb7b0,127.0.0.1,GET,http://mydrupal.local/admin/reports/updates,1709712701,6678ba,200,request
a47734,127.0.0.1,GET,http://mydrupal.local/admin/reports/updates,1709712701,6678ba,200,request
908865,127.0.0.1,GET,http://mydrupal.local/admin/reports/updates,1709712701,6678ba,200,request
5e6984,127.0.0.1,GET,http://mydrupal.local/admin/reports/updates,1709712701,6678ba,200,request
ac7bdb,127.0.0.1,GET,http://mydrupal.local/admin/reports/updates,1709712701,6678ba,200,request
92f5d2,127.0.0.1,GET,http://mydrupal.local/admin/reports/updates/update,1709712708,92f5d2,200,request
fdf18c,127.0.0.1,GET,http://mydrupal.local/admin/reports/updates/update,1709712708,92f5d2,200,request
615306,127.0.0.1,GET,http://mydrupal.local/admin/reports/updates/update,1709712708,92f5d2,200,request
4d159e,127.0.0.1,GET,http://mydrupal.local/admin/reports/updates/update,1709712708,92f5d2,200,request
09e98e,127.0.0.1,GET,http://mydrupal.local/admin/reports/updates/update,1709712708,92f5d2,200,request
3b9167,127.0.0.1,GET,http://mydrupal.local/admin/reports/updates/update,1709712708,92f5d2,200,request
333f69,127.0.0.1,GET,http://mydrupal.local/admin/reports/updates/update,1709712708,92f5d2,200,request
a7561a,127.0.0.1,GET,http://mydrupal.local/admin/reports/updates/update,1709712708,92f5d2,200,request
3a6106,127.0.0.1,GET,http://mydrupal.local/admin/reports/updates/update,1709712708,92f5d2,200,request
fa98b3,127.0.0.1,GET,http://mydrupal.local/admin/reports/updates/update,1709712708,92f5d2,200,request
2c437d,127.0.0.1,GET,http://mydrupal.local/admin/reports/updates/update,1709712708,92f5d2,200,request
b8997b,127.0.0.1,GET,http://mydrupal.local/admin/reports/updates/update,1709712708,92f5d2,200,request
590370,127.0.0.1,GET,http://mydrupal.local/admin/reports/updates/update,1709712708,92f5d2,200,request
